{
  "name": "SSLClient",
  "version": "1.3.2",
  "repository":
  {
    "type": "git",
    "url": "https://github.com/govorox/SSLClient.git"
  },
  "description": "Provides secure network connection over a generic Arduino Client trasport object. The library can help to establish a TLS or SSL connection to a remote server via TinyGsmClient.",
  "keywords": "SSL,TLS,GSM,Arduino,Client,TinyGsmClient,mbedtls",
  "license": "GPL-3.0-or-later",
  "frameworks": "arduino",
  "platforms": "esp32",
  "authors":
  [
    {
      "name": "V Govorovski",
      "maintainer": true
    },
    {
      "name": "Robert Byrnes",
      "maintainer": true
    }
  ]
}
